Event_no,Event_name,Event_date,Course_ID
602,Multi-layered human-resource frame,2023-03-12 14:51:54,COMP011
603,Synergized mission-critical data-warehouse,2023-02-16 16:58:44,COMP012
604,Object-based real-time task-force,2023-02-08 19:41:51,COMP016
605,Persevering executive policy,2023-02-02 14:41:15,COMP047
606,De-engineered 4thgeneration infrastructure,2023-02-27 6:33:55,COMP048
607,De-engineered 5thgeneration support,2023-01-14 10:52:03,COMP077
608,Fully-configurable asymmetric parallelism,2023-01-30 1:50:55,COMP109
609,Expanded non-volatile focus group,2023-01-02 11:16:08,COMP133
610,Monitored demand-driven Local Area Network,2023-01-08 13:42:30,COMP135
611,Future-proofed bandwidth-monitored focus group,2023-03-09 15:23:06,COMP149
612,Multi-lateral empowering monitoring,2023-02-05 17:11:52,COMP154
613,Monitored actuating leverage,2023-03-13 1:06:19,COMP155
614,Quality-focused zero-defect software,2023-02-09 9:25:08,COMP183
615,Operative exuding open architecture,2023-04-22 23:43:05,COMP267
616,Phased uniform capacity,2023-04-09 22:57:34,COMP268
617,Managed attitude-oriented knowledge user,2023-01-17 17:55:22,COMP270
618,Polarized impactful framework,2023-04-14 3:48:16,COMP275
619,Operative object-oriented attitude,2023-01-21 19:39:25,COMP318
620,Business-focused well-modulated encoding,2023-01-25 17:44:55,COMP320
621,Robust coherent implementation,2023-01-05 3:19:24,COMP331
622,Expanded grid-enabled hardware,2023-02-15 5:55:56,COMP343
623,Secured fresh-thinking infrastructure,2023-02-27 5:59:59,COMP365
624,Upgradable leadingedge support,2023-03-08 21:46:24,COMP369
625,Distributed neutral application,2023-02-04 23:50:21,COMP376
626,Switchable leadingedge product,2023-01-09 11:47:03,COMP446
627,Versatile content-based monitoring,2023-01-24 18:47:48,COMP459
628,Cross-platform zero administration analyzer,2023-04-05 0:33:21,COMP518
629,Virtual mobile analyzer,2023-03-21 14:43:37,COMP576
630,Decentralized zero administration flexibility,2023-01-24 4:35:49,COMP601
631,Front-line high-level budgetary management,2023-04-18 11:04:43,COMP674
632,Diverse bandwidth-monitored open architecture,2023-02-03 16:15:19,COMP680
633,Integrated 6thgeneration neural-net,2023-03-17 9:44:15,COMP682
634,Configurable human-resource policy,2023-01-20 18:23:35,COMP689
635,Reactive stable budgetary management,2023-04-13 0:02:21,COMP727
636,Secured stable analyzer,2023-03-13 20:00:04,COMP778
637,Total radical flexibility,2023-03-15 12:41:03,COMP793
638,Universal composite algorithm,2023-02-24 15:49:06,COMP803
639,Fundamental client-server extranet,2023-01-27 19:56:29,COMP834
640,Business-focused holistic migration,2023-02-13 16:00:03,COMP837
641,Cross-platform next generation success,2023-01-06 2:52:03,COMP848
642,Phased logistical initiative,2023-04-06 1:40:54,COMP862
643,Open-architected needs-based monitoring,2023-03-01 11:20:34,COMP876
644,Cross-platform well-modulated matrix,2023-01-18 16:18:52,COMP955
645,Inverse bandwidth-monitored ability,2023-03-17 10:41:34,COMP994
646,Digitized attitude-oriented functionalities,2023-04-07 0:35:44,COMP995
647,Organized methodical paradigm,2023-04-11 7:12:16,GOVT009
648,Multi-tiered static interface,2023-02-05 14:38:56,GOVT030
649,Self-enabling zero administration adapter,2023-01-22 18:33:50,GOVT088
650,Front-line holistic functionalities,2023-02-09 4:36:54,GOVT094
651,Ameliorated intangible orchestration,2023-03-08 5:31:52,GOVT221
652,Universal leadingedge methodology,2023-03-05 7:57:23,GOVT231
653,Customer-focused empowering strategy,2023-02-09 3:48:33,GOVT242
654,Profit-focused systematic benchmark,2023-02-10 5:46:46,GOVT252
655,Object-based asymmetric hardware,2023-01-22 18:49:02,GOVT292
656,Multi-layered 24/7 algorithm,2023-02-21 7:11:24,GOVT349
657,Innovative zero-defect moderator,2023-04-16 10:53:01,GOVT493
658,Balanced interactive attitude,2023-03-01 21:49:40,GOVT501
659,Compatible content-based success,2023-04-02 23:19:56,GOVT503
660,Function-based multi-tasking matrices,2023-03-27 13:34:45,GOVT519
661,Fundamental asymmetric attitude,2023-01-19 14:04:40,GOVT557
662,Seamless 4thgeneration budgetary management,2023-02-12 3:05:17,GOVT609
663,Quality-focused upward-trending challenge,2023-04-17 12:37:25,GOVT679
664,Re-contextualized cohesive monitoring,2023-01-20 4:19:35,GOVT702
665,Open-architected maximized database,2023-03-16 14:45:17,GOVT769
666,Implemented local conglomeration,2023-01-16 14:15:10,GOVT786
667,Optimized clear-thinking model,2023-02-21 18:48:27,GOVT833
668,Intuitive even-keeled model,2023-03-19 1:14:44,GOVT911
669,Quality-focused dedicated forecast,2023-01-25 9:44:04,GOVT998
670,Synergized bifurcated parallelism,2023-03-06 9:33:58,GOVT999
671,Re-engineered regional project,2023-04-15 20:29:25,INFO037
672,Multi-tiered solution-oriented project,2023-02-23 23:33:28,INFO062
673,Secured client-server time-frame,2023-01-11 16:10:04,INFO086
674,Multi-layered optimizing budgetary management,2023-02-18 5:28:31,INFO089
675,Centralized radical encoding,2023-02-11 2:35:03,INFO105
676,Re-engineered bandwidth-monitored open architecture,2023-02-18 21:34:59,INFO127
677,Versatile encompassing focus group,2023-03-15 7:08:05,INFO136
678,Extended user-facing focus group,2023-01-16 17:12:14,INFO151
679,Digitized homogeneous function,2023-04-07 1:48:51,INFO168
680,Profit-focused zero-defect benchmark,2023-03-12 2:03:22,INFO205
681,Enhanced content-based collaboration,2023-04-21 9:16:13,INFO219
682,Streamlined national challenge,2023-01-05 3:49:25,INFO264
683,Cloned exuding task-force,2023-04-16 21:16:38,INFO332
684,Phased asynchronous workforce,2023-01-02 16:10:14,INFO353
685,Cross-platform real-time architecture,2023-01-30 16:01:50,INFO370
686,Future-proofed zero tolerance Internet solution,2023-04-07 22:59:00,INFO396
687,Mandatory context-sensitive framework,2023-01-17 2:50:44,INFO397
688,Integrated executive workforce,2023-02-23 3:40:33,INFO548
689,Innovative foreground methodology,2023-03-09 23:03:39,INFO572
690,Business-focused human-resource open system,2023-02-25 2:24:48,INFO627
691,Balanced content-based challenge,2023-01-16 8:27:33,INFO683
692,Optimized fault-tolerant open architecture,2023-04-12 10:36:05,INFO710
693,Cloned cohesive application,2023-02-18 11:18:18,INFO720
694,Digitized exuding projection,2023-02-10 14:53:53,INFO730
695,Quality-focused secondary strategy,2023-01-30 23:22:12,INFO738
696,Optimized heuristic implementation,2023-03-22 17:20:29,INFO767
697,Public-key impactful service-desk,2023-03-23 1:31:14,INFO797
698,Function-based didactic infrastructure,2023-03-15 13:43:45,INFO825
699,Enterprise-wide bi-directional intranet,2023-02-17 16:25:49,INFO831
700,Synergized incremental hub,2023-03-05 8:28:45,INFO888
701,Intuitive 5thgeneration encryption,2023-01-21 17:15:42,INFO915
702,Persevering zero tolerance focus group,2023-03-28 11:32:26,INFO980
703,Networked analyzing paradigm,2023-01-03 17:03:14,INFO995
704,Cloned solution-oriented attitude,2023-01-15 0:40:50,SOCI020
705,Fully-configurable scalable analyzer,2023-02-21 12:48:53,SOCI080
706,Versatile explicit function,2023-01-20 9:03:45,SOCI105
707,Secured composite matrices,2023-02-10 12:02:07,SOCI112
708,Business-focused tertiary help-desk,2023-03-15 19:46:33,SOCI124
709,Reactive holistic portal,2023-02-04 7:55:28,SOCI144
710,Ergonomic 24/7 challenge,2023-03-14 19:41:33,SOCI160
711,Visionary explicit database,2023-04-04 12:47:54,SOCI178
712,Fundamental discrete product,2023-02-18 16:12:56,SOCI224
713,Up-sized dynamic challenge,2023-02-09 15:24:15,SOCI301
714,Advanced bottom-line complexity,2023-02-01 9:12:42,SOCI317
715,Up-sized object-oriented structure,2023-02-06 3:01:22,SOCI326
716,Synergized bottom-line encoding,2023-01-18 22:50:38,SOCI336
717,Customer-focused multi-tasking parallelism,2023-01-21 9:09:14,SOCI337
718,Inverse even-keeled benchmark,2023-01-03 4:30:53,SOCI341
719,Mandatory 5thgeneration system engine,2023-03-22 14:14:05,SOCI373
720,Universal context-sensitive protocol,2023-02-06 23:59:23,SOCI411
721,Public-key disintermediate firmware,2023-04-20 0:21:07,SOCI427
722,Networked didactic functionalities,2023-03-01 18:04:12,SOCI535
723,Realigned content-based challenge,2023-02-23 0:50:38,SOCI554
724,User-centric foreground matrices,2023-04-11 16:22:09,SOCI616
725,Configurable full-range projection,2023-01-26 9:11:10,SOCI627
726,Exclusive 6thgeneration capacity,2023-02-02 23:38:35,SOCI649
727,Intuitive static flexibility,2023-01-31 2:25:08,SOCI670
728,Triple-buffered 6thgeneration orchestration,2023-02-15 11:26:11,SOCI683
729,Multi-tiered cohesive paradigm,2023-01-26 7:12:52,SOCI706
730,Visionary value-added policy,2023-01-06 6:42:30,SOCI747
731,Devolved mobile protocol,2023-01-25 13:52:01,SOCI770
732,Profound zero administration functionalities,2023-04-09 19:23:58,SOCI781
733,Secured content-based product,2023-01-17 23:14:37,SOCI786
734,Managed eco-centric project,2023-04-18 5:55:51,SOCI846
735,Synergistic fresh-thinking installation,2023-01-22 12:13:13,SOCI978
736,Profit-focused incremental paradigm,2023-02-21 23:55:35,SOCI992
737,Networked tangible strategy,2023-04-11 1:30:44,SOWK035
738,Cross-platform content-based time-frame,2023-01-24 7:34:23,SOWK110
739,Operative mission-critical task-force,2023-03-01 14:47:11,SOWK129
740,Adaptive bifurcated success,2023-03-23 21:56:58,SOWK146
741,Robust scalable productivity,2023-01-07 4:33:51,SOWK173
742,Function-based dynamic monitoring,2023-04-13 8:52:47,SOWK189
743,Organized bifurcated throughput,2023-02-10 20:12:26,SOWK196
744,Enterprise-wide disintermediate time-frame,2023-02-19 8:55:28,SOWK217
745,Ergonomic analyzing help-desk,2023-03-16 20:29:55,SOWK243
746,Persistent 24hour task-force,2023-01-02 7:23:31,SOWK249
747,Proactive content-based framework,2023-01-21 11:02:22,SOWK294
748,Integrated empowering policy,2023-03-19 23:43:54,SOWK386
749,Multi-tiered web-enabled adapter,2023-01-12 9:56:26,SOWK460
750,Innovative 4thgeneration hub,2023-04-15 20:44:42,SOWK496
751,Object-based clear-thinking parallelism,2023-03-27 8:40:55,SOWK549
752,Ergonomic coherent info-mediaries,2023-04-19 20:58:32,SOWK577
753,Customizable reciprocal frame,2023-03-26 23:39:18,SOWK612
754,Advanced content-based definition,2023-02-10 17:30:32,SOWK667
755,Decentralized cohesive standardization,2023-03-13 4:00:09,SOWK708
756,Organic tangible forecast,2023-03-17 7:34:42,SOWK738
757,Self-enabling global product,2023-03-29 1:40:54,SOWK745
758,Multi-layered intangible Internet solution,2023-04-01 14:35:18,SOWK809
759,Triple-buffered client-driven product,2023-01-24 10:09:00,SOWK893
760,Optional systematic analyzer,2023-02-09 12:46:11,SOWK980
761,Operative multi-state toolset,2023-02-16 23:02:07,SOWK981
762,Advanced object-oriented benchmark,2023-04-01 10:29:52,SWEN050
763,Advanced zero tolerance portal,2023-03-07 7:54:23,SWEN064
764,Operative client-server process improvement,2023-04-07 14:40:19,SWEN070
765,Configurable cohesive portal,2023-03-27 15:09:08,SWEN100
766,Multi-tiered next generation architecture,2023-04-07 4:13:32,SWEN131
767,Decentralized actuating Graphical User Interface,2023-02-03 6:29:58,SWEN141
768,Up-sized incremental attitude,2023-02-18 13:53:43,SWEN158
769,Upgradable contextually-based standardization,2023-04-04 13:36:38,SWEN196
770,Enterprise-wide modular definition,2023-03-31 2:37:17,SWEN210
771,Reactive cohesive access,2023-02-02 23:01:42,SWEN237
772,Front-line zero-defect orchestration,2023-02-07 0:57:41,SWEN239
773,Object-based responsive interface,2023-01-30 20:23:57,SWEN241
774,Fully-configurable disintermediate hub,2023-02-08 1:01:35,SWEN259
775,User-friendly foreground flexibility,2023-01-27 4:49:23,SWEN268
776,Function-based directional open system,2023-02-19 23:20:18,SWEN273
777,Synergistic tangible migration,2023-01-23 14:44:49,SWEN276
778,Synchronized client-server definition,2023-04-11 18:45:07,SWEN284
779,Business-focused transitional system engine,2023-01-07 11:20:25,SWEN296
780,Reactive next generation monitoring,2023-01-03 15:27:55,SWEN324
781,Virtual encompassing concept,2023-02-08 17:24:08,SWEN343
782,Object-based solution-oriented Internet solution,2023-04-16 14:01:42,SWEN384
783,Realigned composite encryption,2023-03-11 0:49:17,SWEN391
784,Enhanced asynchronous Internet solution,2023-01-19 5:25:53,SWEN415
785,Expanded actuating toolset,2023-03-07 21:45:11,SWEN418
786,Open-source analyzing flexibility,2023-01-19 12:06:44,SWEN432
787,Face-to-face static website,2023-03-24 7:23:21,SWEN454
788,Down-sized bandwidth-monitored focus group,2023-03-17 21:22:00,SWEN493
789,Enhanced leadingedge instruction set,2023-02-06 18:21:36,SWEN496
790,Multi-lateral disintermediate time-frame,2023-01-27 11:08:10,SWEN559
791,Automated intermediate alliance,2023-04-07 19:19:26,SWEN566
792,Cloned bottom-line analyzer,2023-02-20 7:26:00,SWEN600
793,Reverse-engineered value-added capacity,2023-03-09 1:54:22,SWEN617
794,Implemented global interface,2023-01-01 13:54:29,SWEN639
795,Synchronized contextually-based application,2023-03-26 23:09:15,SWEN651
796,Fully-configurable impactful matrices,2023-01-09 13:44:52,SWEN653
797,Exclusive user-facing database,2023-01-25 2:52:39,SWEN667
798,Phased logistical strategy,2023-04-16 1:12:52,SWEN674
799,User-friendly demand-driven strategy,2023-02-20 12:48:25,SWEN701
800,Quality-focused real-time intranet,2023-01-03 7:33:52,SWEN714
