ID,Name,Email,Password
184937,"Christopher Hanson",tiffanymartin@example.org,dc647eb65e6711e155375218212b3964
298440,"Wendy Munoz",wesley30@example.net,c53e479b03b3220d3d56da88c4cace20
327235,"Michael Hernandez",james54@example.org,171fd776f328abfad99ba7ca06e3e670
488794,"Stephen Peterson",curtiselizabeth@example.org,804e1cbe8a26ea5fb224b52bb1ff4188
493167,"Yvette Buck",oschmidt@example.net,fae8a9257e154175da4193dbf6552ef6
499352,"Kevin Lopez",craig07@example.net,91a29d1b095c80bed9137e041a067e74
654252,"Michelle Jordan",kelly42@example.net,f2e1544016509743cd4ab6399480c371
836945,"Kevin Contreras",hardingsarah@example.org,1dcc970c5dd760c02a356db2623c7f1c
843915,"Dennis Proctor",rtownsend@example.com,ab2172b0ac1e8d232a61be3921ae6a6a
861189,"Gary Stewart",ann66@example.org,df63dc2b275242fa7ff7151a146c92c0
